transport,carbon_emission
diesel,3230.2041800643087
electric,1883.2935916542474
hybrid,2708.5
lpg,3352.0631276901004
petrol,3749.887171561051
public,1965.789313904068
walk/bicycle,1879.7385468339655
